{"_type":"export","__export_format":4,"__export_date":"2024-05-27T20:44:12.620Z","__export_source":"insomnia.desktop.app:v9.2.0","resources":[{"_id":"req_629e93fc08854140be25c4a38380fe61","parentId":"wrk_984cd15ccdfc45ed93bfd37268359ed1","modified":1716770465991,"created":1716769882176,"url":"http://localhost:8080/api/listarcoletas","name":"Listar Coletas","description":"","method":"GET","body":{},"preRequestScript":"","parameters":[],"headers":[{"name":"User-Agent","value":"insomnia/9.2.0"}],"authentication":{},"metaSortKey":-1716769882176,"isPrivate":false,"pathParameters":[],"settingStoreCookies":true,"settingSendCookies":true,"settingDisableRenderRequestBody":false,"settingEncodeUrl":true,"settingRebuildPath":true,"settingFollowRedirects":"global","_type":"request"},{"_id":"wrk_984cd15ccdfc45ed93bfd37268359ed1","parentId":null,"modified":1716753701959,"created":1716753692494,"name":"Coletas","description":"","scope":"collection","_type":"workspace"},{"_id":"req_b2cef6dc076a423e8b8f714277ee906e","parentId":"wrk_984cd15ccdfc45ed93bfd37268359ed1","modified":1716770561486,"created":1716770455065,"url":"http://localhost:8080/api/deletarcoleta/2","name":"Excluir Coleta","description":"","method":"DELETE","body":{},"preRequestScript":"","parameters":[],"headers":[{"name":"User-Agent","value":"insomnia/9.2.0"}],"authentication":{},"metaSortKey":-1716761793642,"isPrivate":false,"pathParameters":[],"settingStoreCookies":true,"settingSendCookies":true,"settingDisableRenderRequestBody":false,"settingEncodeUrl":true,"settingRebuildPath":true,"settingFollowRedirects":"global","_type":"request"},{"_id":"req_2c43d5f7817e40559784defc13b612e2","parentId":"wrk_984cd15ccdfc45ed93bfd37268359ed1","modified":1716769843365,"created":1716753705108,"url":"http://localhost:8080/api/gravarcoleta","name":"Gravar Coleta","description":"","method":"POST","body":{"mimeType":"application/json","text":"{\n\t\"cep\":\"41706650\",\n\t\"dataColeta\":\"2024-07-30\",\n\t\"horaInicio\":\"18:00\",\n\t\"horaTermino\":\"22:00\"\n\t\n}"},"preRequestScript":"","parameters":[],"headers":[{"name":"Content-Type","value":"application/json"},{"name":"User-Agent","value":"insomnia/9.2.0"}],"authentication":{},"metaSortKey":-1716753705108,"isPrivate":false,"pathParameters":[],"settingStoreCookies":true,"settingSendCookies":true,"settingDisableRenderRequestBody":false,"settingEncodeUrl":true,"settingRebuildPath":true,"settingFollowRedirects":"global","_type":"request"},{"_id":"req_6e18b1359d67474f9bc368a7414d9a96","parentId":"wrk_984cd15ccdfc45ed93bfd37268359ed1","modified":1716770833420,"created":1716770594557,"url":"http://localhost:8080/api/atualizarcoleta","name":"Atualizar Coleta","description":"","method":"PUT","body":{"mimeType":"application/json","text":"{\n\t\"id\":\"5\",\n\t\"cep\":\"41706650\",\n\t\"dataColeta\":\"2024-07-30\",\n\t\"horaInicio\":\"13:00\",\n\t\"horaTermino\":\"22:00\"\n\t\n}"},"preRequestScript":"","parameters":[],"headers":[{"name":"Content-Type","value":"application/json"},{"name":"User-Agent","value":"insomnia/9.2.0"}],"authentication":{},"metaSortKey":-1716753705058,"isPrivate":false,"pathParameters":[],"settingStoreCookies":true,"settingSendCookies":true,"settingDisableRenderRequestBody":false,"settingEncodeUrl":true,"settingRebuildPath":true,"settingFollowRedirects":"global","_type":"request"},{"_id":"env_6440254a521a3376793fc993914595d820647bcf","parentId":"wrk_984cd15ccdfc45ed93bfd37268359ed1","modified":1716753692496,"created":1716753692496,"name":"Base Environment","data":{},"dataPropertyOrder":null,"color":null,"isPrivate":false,"metaSortKey":1716753692496,"_type":"environment"},{"_id":"jar_6440254a521a3376793fc993914595d820647bcf","parentId":"wrk_984cd15ccdfc45ed93bfd37268359ed1","modified":1716753692505,"created":1716753692505,"name":"Default Jar","cookies":[],"_type":"cookie_jar"}]}